{"cameraMode":{"drawMode":0,"name":"Shaded","section":"Shading Mode"},"sceneLighting":true,"audioPlay":false,"sceneViewState":{"m_AlwaysRefresh":false,"showFog":true,"showSkybox":true,"showFlares":true,"showImageEffects":true,"showParticleSystems":true,"showVisualEffectGraphs":true,"m_FxEnabled":true},"in2DMode":false,"pivot":{"x":-3.1606781482696535,"y":1.7694287300109864,"z":-0.35161200165748598},"rotation":{"x":-0.07223169505596161,"y":-0.020347200334072114,"z":0.0014743227511644364,"w":-0.9971837997436523},"size":0.9866046905517578,"orthographic":false}