{"cameraMode":{"drawMode":0,"name":"Shaded","section":"Shading Mode"},"sceneLighting":true,"audioPlay":false,"sceneViewState":{"m_AlwaysRefresh":false,"showFog":true,"showSkybox":true,"showFlares":true,"showImageEffects":true,"showParticleSystems":true,"showVisualEffectGraphs":true,"m_FxEnabled":true},"in2DMode":false,"pivot":{"x":-0.8764418363571167,"y":-0.5540268421173096,"z":37.954612731933597},"rotation":{"x":-0.037800706923007968,"y":-0.00389880477450788,"z":0.00014030924648977816,"w":-0.9992963671684265},"size":21.895322799682618,"orthographic":false}