{"cameraMode":{"drawMode":0,"name":"Shaded","section":"Shading Mode"},"sceneLighting":true,"audioPlay":false,"sceneViewState":{"m_AlwaysRefresh":false,"showFog":true,"showSkybox":true,"showFlares":true,"showImageEffects":true,"showParticleSystems":true,"showVisualEffectGraphs":true,"m_FxEnabled":true},"in2DMode":false,"pivot":{"x":-1.3098256587982178,"y":2.555281639099121,"z":-0.21489429473876954},"rotation":{"x":-0.027306044474244119,"y":-0.0053995768539607529,"z":0.00013972498709335923,"w":-0.9996289014816284},"size":4.746165752410889,"orthographic":false}