{"cameraMode":{"drawMode":0,"name":"Shaded","section":"Shading Mode"},"sceneLighting":true,"audioPlay":false,"sceneViewState":{"m_AlwaysRefresh":false,"showFog":true,"showSkybox":true,"showFlares":true,"showImageEffects":true,"showParticleSystems":true,"showVisualEffectGraphs":true,"m_FxEnabled":true},"in2DMode":false,"pivot":{"x":-9.067922592163086,"y":3.6004185676574709,"z":0.16515636444091798},"rotation":{"x":-0.037800706923007968,"y":-0.00389880477450788,"z":0.00014030924648977816,"w":-0.9992963671684265},"size":4.188807487487793,"orthographic":false}