{"cameraMode":{"drawMode":0,"name":"Shaded","section":"Shading Mode"},"sceneLighting":true,"audioPlay":false,"sceneViewState":{"m_AlwaysRefresh":false,"showFog":true,"showSkybox":true,"showFlares":true,"showImageEffects":true,"showParticleSystems":true,"showVisualEffectGraphs":true,"m_FxEnabled":true},"in2DMode":false,"pivot":{"x":2.9483118057250978,"y":3.7343616485595705,"z":-0.08313274383544922},"rotation":{"x":0.04763530567288399,"y":0.039541978389024737,"z":0.0018874346278607846,"w":-0.9980818033218384},"size":6.018131732940674,"orthographic":false}