{"cameraMode":{"drawMode":0,"name":"Shaded","section":"Shading Mode"},"sceneLighting":true,"audioPlay":false,"sceneViewState":{"m_AlwaysRefresh":false,"showFog":true,"showSkybox":true,"showFlares":true,"showImageEffects":true,"showParticleSystems":true,"showVisualEffectGraphs":true,"m_FxEnabled":true},"in2DMode":false,"pivot":{"x":-1.970252513885498,"y":2.5135107040405275,"z":0.013218045234680176},"rotation":{"x":-0.019807660952210428,"y":-0.006900741718709469,"z":0.00013666933227796108,"w":-0.9997832775115967},"size":3.3047544956207277,"orthographic":false}