{"cameraMode":{"drawMode":0,"name":"Shaded","section":"Shading Mode"},"sceneLighting":true,"audioPlay":false,"sceneViewState":{"m_AlwaysRefresh":false,"showFog":true,"showSkybox":true,"showFlares":true,"showImageEffects":true,"showParticleSystems":true,"showVisualEffectGraphs":true,"m_FxEnabled":true},"in2DMode":false,"pivot":{"x":5.700170993804932,"y":6.261707782745361,"z":37.27602005004883},"rotation":{"x":0.04907100275158882,"y":-0.06378139555454254,"z":-0.003147423267364502,"w":-0.9967707991600037},"size":23.586997985839845,"orthographic":false}