{"cameraMode":{"drawMode":0,"name":"Shaded","section":"Shading Mode"},"sceneLighting":true,"audioPlay":false,"sceneViewState":{"m_AlwaysRefresh":false,"showFog":true,"showSkybox":true,"showFlares":true,"showImageEffects":true,"showParticleSystems":true,"showVisualEffectGraphs":true,"m_FxEnabled":true},"in2DMode":false,"pivot":{"x":-1.2146167755126954,"y":1.2500561475753785,"z":1.3688793182373047},"rotation":{"x":-0.10650631040334702,"y":-0.5298195481300354,"z":0.06727785617113114,"w":-0.8387224078178406},"size":2.946000099182129,"orthographic":false}