{"cameraMode":{"drawMode":0,"name":"Shaded","section":"Shading Mode"},"sceneLighting":true,"audioPlay":false,"sceneViewState":{"m_AlwaysRefresh":false,"showFog":true,"showSkybox":true,"showFlares":true,"showImageEffects":true,"showParticleSystems":true,"showVisualEffectGraphs":true,"m_FxEnabled":true},"in2DMode":false,"pivot":{"x":-2.9170382022857668,"y":1.7466256618499756,"z":1.63774836063385},"rotation":{"x":-0.054262254387140277,"y":0.027554117143154146,"z":-0.0014975197846069933,"w":-0.9981496930122376},"size":2.6078295707702638,"orthographic":false}