{"cameraMode":{"drawMode":0,"name":"Shaded","section":"Shading Mode"},"sceneLighting":true,"audioPlay":false,"sceneViewState":{"m_AlwaysRefresh":false,"showFog":true,"showSkybox":true,"showFlares":true,"showImageEffects":true,"showParticleSystems":true,"showVisualEffectGraphs":true,"m_FxEnabled":true},"in2DMode":false,"pivot":{"x":-5.259998321533203,"y":2.1481635570526125,"z":0.03909428417682648},"rotation":{"x":-0.0078092943876981739,"y":0.0020978215616196396,"z":-0.000016425798094132915,"w":-0.9999710321426392},"size":1.1536563634872437,"orthographic":false}