{"cameraMode":{"drawMode":0,"name":"Shaded","section":"Shading Mode"},"sceneLighting":true,"audioPlay":false,"sceneViewState":{"m_AlwaysRefresh":false,"showFog":true,"showSkybox":true,"showFlares":true,"showImageEffects":true,"showParticleSystems":true,"showVisualEffectGraphs":true,"m_FxEnabled":true},"in2DMode":false,"pivot":{"x":-3.2592475414276125,"y":1.1305745840072632,"z":2.0612311363220217},"rotation":{"x":-0.13634823262691499,"y":-0.023181432858109475,"z":0.0031887192744761707,"w":-0.9904041290283203},"size":2.946000099182129,"orthographic":false}