{"cameraMode":{"drawMode":0,"name":"Shaded","section":"Shading Mode"},"sceneLighting":true,"audioPlay":false,"sceneViewState":{"m_AlwaysRefresh":false,"showFog":true,"showSkybox":true,"showFlares":true,"showImageEffects":true,"showParticleSystems":true,"showVisualEffectGraphs":true,"m_FxEnabled":true},"in2DMode":false,"pivot":{"x":-10.953153610229493,"y":2.9851086139678957,"z":33.17156219482422},"rotation":{"x":0.014690210111439228,"y":0.006598227191716433,"z":0.0000888130089151673,"w":-0.9998887181282044},"size":18.918928146362306,"orthographic":false}