{"cameraMode":{"drawMode":0,"name":"Shaded","section":"Shading Mode"},"sceneLighting":true,"audioPlay":false,"sceneViewState":{"m_AlwaysRefresh":false,"showFog":true,"showSkybox":true,"showFlares":true,"showImageEffects":true,"showParticleSystems":true,"showVisualEffectGraphs":true,"m_FxEnabled":true},"in2DMode":false,"pivot":{"x":-2.024538040161133,"y":1.1131951808929444,"z":2.0016896724700929},"rotation":{"x":-0.1378505378961563,"y":-0.017235049977898599,"z":0.0023964352440088989,"w":-0.9903196692466736},"size":3.0106849670410158,"orthographic":false}