{"cameraMode":{"drawMode":0,"name":"Shaded","section":"Shading Mode"},"sceneLighting":true,"audioPlay":false,"sceneViewState":{"m_AlwaysRefresh":false,"showFog":true,"showSkybox":true,"showFlares":true,"showImageEffects":true,"showParticleSystems":true,"showVisualEffectGraphs":true,"m_FxEnabled":true},"in2DMode":false,"pivot":{"x":10.687036514282227,"y":3.0864691734313967,"z":26.675325393676759},"rotation":{"x":-0.11105847358703613,"y":-0.020274735987186433,"z":0.00225758901797235,"w":-0.9936231374740601},"size":17.763172149658204,"orthographic":false}