{"cameraMode":{"drawMode":0,"name":"Shaded","section":"Shading Mode"},"sceneLighting":true,"audioPlay":false,"sceneViewState":{"m_AlwaysRefresh":false,"showFog":true,"showSkybox":true,"showFlares":true,"showImageEffects":true,"showParticleSystems":true,"showVisualEffectGraphs":true,"m_FxEnabled":true},"in2DMode":false,"pivot":{"x":-0.5051282644271851,"y":1.9433164596557618,"z":-0.02719879150390625},"rotation":{"x":-0.037800706923007968,"y":-0.00389880477450788,"z":0.00014030924648977816,"w":-0.9992963671684265},"size":4.995230197906494,"orthographic":false}