{"cameraMode":{"drawMode":0,"name":"Shaded","section":"Shading Mode"},"sceneLighting":true,"audioPlay":false,"sceneViewState":{"m_AlwaysRefresh":false,"showFog":true,"showSkybox":true,"showFlares":true,"showImageEffects":true,"showParticleSystems":true,"showVisualEffectGraphs":true,"m_FxEnabled":true},"in2DMode":false,"pivot":{"x":-4.596541404724121,"y":-2.8123152256011965,"z":47.49463653564453},"rotation":{"x":-0.07047642767429352,"y":-0.03757356107234955,"z":0.001599326729774475,"w":-0.9970324635505676},"size":34.28410339355469,"orthographic":false}