{"cameraMode":{"drawMode":0,"name":"Shaded","section":"Shading Mode"},"sceneLighting":true,"audioPlay":false,"sceneViewState":{"m_AlwaysRefresh":false,"showFog":true,"showSkybox":true,"showFlares":true,"showImageEffects":true,"showParticleSystems":true,"showVisualEffectGraphs":true,"m_FxEnabled":true},"in2DMode":false,"pivot":{"x":224.92440795898438,"y":22.912546157836915,"z":74.89265441894531},"rotation":{"x":0.02698725275695324,"y":0.07036896795034409,"z":0.0007603859412483871,"w":-0.9973841905593872},"size":59.57339096069336,"orthographic":false}