{"cameraMode":{"drawMode":0,"name":"Shaded","section":"Shading Mode"},"sceneLighting":true,"audioPlay":false,"sceneViewState":{"m_AlwaysRefresh":false,"showFog":true,"showSkybox":true,"showFlares":true,"showImageEffects":true,"showParticleSystems":true,"showVisualEffectGraphs":true,"m_FxEnabled":true},"in2DMode":false,"pivot":{"x":170.93588256835938,"y":14.086113929748536,"z":54.437644958496097},"rotation":{"x":-0.05396007001399994,"y":0.03616580739617348,"z":-0.0024737673811614515,"w":-0.9980678558349609},"size":40.86321258544922,"orthographic":false}