{"cameraMode":{"drawMode":0,"name":"Shaded","section":"Shading Mode"},"sceneLighting":true,"audioPlay":false,"sceneViewState":{"m_AlwaysRefresh":false,"showFog":true,"showSkybox":true,"showFlares":true,"showImageEffects":true,"showParticleSystems":true,"showVisualEffectGraphs":true,"m_FxEnabled":true},"in2DMode":false,"pivot":{"x":15.505375862121582,"y":14.448027610778809,"z":94.67296600341797},"rotation":{"x":0.029158856719732286,"y":-0.0015646604588255287,"z":0.0000648220011498779,"w":0.9995986819267273},"size":73.71825408935547,"orthographic":false}